<!-- This is a generated file. It is highly recommended that you DO NOT edit this file. --><iq:manifest xmlns:iq="http://www.garmin.com/xml/connectiq" version="3">
    <iq:application entry="SimpleWatchApp" id="67e014d9d98c80109f553daf0a451741" launcherIcon="@Drawables.LauncherIcon" minSdkVersion="5.1.0" name="@Strings.AppName" type="watchface" version="1.0.14">
        <iq:products>
            <iq:product id="epix2"/>
            <iq:product id="epix2pro42mm"/>
            <iq:product id="epix2pro47mm"/>
            <iq:product id="epix2pro51mm"/>
            <iq:product id="fenix7"/>
            <iq:product id="fenix7pro"/>
            <iq:product id="fenix7pronowifi"/>
            <iq:product id="fenix7s"/>
            <iq:product id="fenix7spro"/>
            <iq:product id="fenix7x"/>
            <iq:product id="fenix7xpro"/>
            <iq:product id="fenix7xpronowifi"/>
            <iq:product id="fenix843mm"/>
            <iq:product id="fenix847mm"/>
            <iq:product id="fenix8solar47mm"/>
            <iq:product id="fenix8solar51mm"/>
            <iq:product id="fenixe"/>
            <iq:product id="fr265"/>
            <iq:product id="fr265s"/>
            <iq:product id="fr955"/>
            <iq:product id="fr965"/>
            <iq:product id="marq2"/>
            <iq:product id="marq2aviator"/>
            <iq:product id="venu3"/>
            <iq:product id="venu3s"/>
            <iq:product id="vivoactive5"/>
        </iq:products>
        <iq:permissions>
            <iq:uses-permission id="SensorHistory"/>
            <iq:uses-permission id="UserProfile"/>
        </iq:permissions>
        <iq:languages>
            <iq:language>deu</iq:language>
            <iq:language>eng</iq:language>
            <iq:language>fre</iq:language>
        </iq:languages>
        <iq:barrels/>
    </iq:application>
</iq:manifest>
